<serverSettings>
  <socketAddresses>
    <socket address="127.0.0.1" port="1100" type="TCP"/>
  </socketAddresses>
  <ipFilter>
    <addressBlackList>
      <string>100.101.102.103</string>
    </addressBlackList>
    <addressWhiteList>
      <string>192.168.0.16</string>
    </addressWhiteList>
    <maxConnectionsPerAddress>9999999</maxConnectionsPerAddress>
  </ipFilter>
  <flashCrossdomainPolicy>
    <useMasterSocketPolicy>true</useMasterSocketPolicy>
    <policyXmlFile>crossdomain.xml</policyXmlFile>
  </flashCrossdomainPolicy>
  <systemControllerThreadPoolSize>2</systemControllerThreadPoolSize>
  <extensionControllerThreadPoolSize>10</extensionControllerThreadPoolSize>
  <systemControllerRequestQueueSize>20000</systemControllerRequestQueueSize>
  <extensionControllerRequestQueueSize>20000</extensionControllerRequestQueueSize>
  <schedulerThreadPoolSize>3</schedulerThreadPoolSize>
  <protocolCompressionThreshold>1024</protocolCompressionThreshold>
  <protocolMode>BINARY</protocolMode>
  <remoteAdmin>
    <administrators>
      <adminUser>
        <login>toantn</login>
        <password>nobita</password>
      </adminUser>
    </administrators>
    <allowedRemoteAddresses>
    </allowedRemoteAddresses>
    <adminTcpPort>1101</adminTcpPort>
  </remoteAdmin>
  <bannedUserManager>
    <isAutoRemove>true</isAutoRemove>
    <isPersistent>true</isPersistent>
    <customPersistenceClass></customPersistenceClass>
  </bannedUserManager>
  <extensionRemoteDebug>false</extensionRemoteDebug>
  <useFriendlyExceptions>false</useFriendlyExceptions>
  <mailer>
    <mailHost>toantn@vng.com.vn</mailHost>
    <mailUser>toantn</mailUser>
    <mailPass>myplay</mailPass>
    <smtpPort>25</smtpPort>
    <workerThreads>1</workerThreads>
  </mailer>
  <webServer>
    <isActive>true</isActive>
    <cfgFile>config/jetty/jetty.xml</cfgFile>
  </webServer>
  <startExtensionFileMonitor>false</startExtensionFileMonitor>
  <useFriendlyLogging>true</useFriendlyLogging>
  <useDebugMode>true</useDebugMode>
  <sessionMaxIdleTime>100</sessionMaxIdleTime>
  <userReconnectionSeconds>6</userReconnectionSeconds>
  <userMaxIdleTime>600</userMaxIdleTime>
  <ghostHunterEnabled>true</ghostHunterEnabled>
  <admin>
    <login>toantn</login>
    <password>nobita</password>
  </admin>
</serverSettings>